<mphasis>

<employee>
<empid>101</empid>
<name>pavan</name>
<address>Bangalore</address>
</employee>

<employee>
<empid>102</empid>
<name>priyanka</name>
<address>Bangalore</address>
</employee>

<employee>
<empid>103</empid>
<name>darshan</name>
<address>Bangalore</address>
</employee>

<employee>
<empid>104</empid>
<name>Umesh</name>
<address>Bangalore</address>
</employee>

<employee>
<empid>105</empid>
<name>ravi</name>
<address>Hydrabad</address>
</employee>

</mphasis>